City_ID,City,Country,Date,Lat,Lng,Max Temp,Humidity,Cloudiness,Wind Speed
0,Atuona,PF,2022-09-25 18:55:12,-9.8,-139.0333,76.86,73,32,19.75
1,Chuy,UY,2022-09-25 18:55:12,-33.6971,-53.4616,62.42,64,94,13.49
2,Plaster Rock,CA,2022-09-25 18:55:12,46.9065,-67.39,64.96,50,91,10.2
3,Punta Arenas,CL,2022-09-25 18:55:13,-53.15,-70.9167,46.51,61,75,17.27
4,Alofi,NU,2022-09-25 18:50:59,-19.0595,-169.9187,73.29,100,100,4.61
5,Rikitea,PF,2022-09-25 18:55:14,-23.1203,-134.9692,68.34,59,0,16.04
6,Hobart,AU,2022-09-25 18:55:14,-42.8794,147.3294,48.06,85,40,11.5
7,Carnarvon,AU,2022-09-25 18:55:14,-24.8667,113.6333,63.37,56,0,23.53
8,Tondano,ID,2022-09-25 18:55:15,1.3038,124.9112,66.29,88,100,2.98
9,Jamestown,US,2022-09-25 18:55:15,42.097,-79.2353,63.01,76,100,12.66
10,Hilo,US,2022-09-25 18:55:15,19.7297,-155.09,83.62,86,5,5.01
11,Katobu,ID,2022-09-25 18:55:16,-4.9408,122.5276,72.66,91,20,2.89
12,New Norfolk,AU,2022-09-25 18:55:16,-42.7826,147.0587,47.71,79,3,2.75
13,Tarrafal,CV,2022-09-25 18:55:16,15.2833,-23.7667,83.19,74,15,10.8
14,Busselton,AU,2022-09-25 18:55:17,-33.65,115.3333,50.22,84,0,5.48
15,Serenje,ZM,2022-09-25 18:55:17,-13.2325,30.2352,68.32,44,16,9.78
16,College,US,2022-09-25 18:55:18,64.8569,-147.8028,44.8,79,99,2.55
17,Yaan,NG,2022-09-25 18:55:18,7.3833,8.5667,76.55,82,21,2.46
18,Ushuaia,AR,2022-09-25 18:51:36,-54.8,-68.3,47.86,49,40,12.66
19,Port Elizabeth,ZA,2022-09-25 18:55:18,-33.918,25.5701,62.89,82,0,14.97
20,Dicabisagan,PH,2022-09-25 18:55:19,17.0818,122.4157,77.4,89,80,1.05
21,Georgetown,MY,2022-09-25 18:50:41,5.4112,100.3354,79.9,87,20,0.0
22,Puerto Ayora,EC,2022-09-25 18:55:19,-0.7393,-90.3518,75.16,91,100,8.99
23,Pailon,BO,2022-09-25 18:55:20,-17.65,-62.75,92.88,27,37,15.66
24,Komsomolskiy,UZ,2022-09-25 18:55:20,40.4272,71.7189,68.72,42,0,9.22
25,Lasa,IT,2022-09-25 18:55:21,46.6166,10.7002,51.69,91,100,2.19
26,Blagoveshchensk,RU,2022-09-25 18:51:24,50.2667,127.5333,48.81,66,20,11.18
27,Soure,BR,2022-09-25 18:55:22,-0.7167,-48.5233,84.6,68,6,15.57
28,Nikolskoye,RU,2022-09-25 18:55:23,59.7035,30.7861,48.09,97,100,2.51
29,Sabzevar,IR,2022-09-25 18:55:23,36.2126,57.6819,79.88,36,0,11.5
30,Faanui,PF,2022-09-25 18:55:23,-16.4833,-151.75,78.04,76,21,18.54
31,Whitianga,NZ,2022-09-25 18:55:24,-36.8333,175.7,54.99,83,100,14.83
32,Wanning,CN,2022-09-25 18:55:24,18.8003,110.3967,75.88,90,37,6.73
33,Morgan City,US,2022-09-25 18:52:50,29.6994,-91.2068,92.01,43,100,4.41
34,Hermanus,ZA,2022-09-25 18:55:25,-34.4187,19.2345,59.81,87,100,6.93
35,Barrow,US,2022-09-25 18:55:25,71.2906,-156.7887,30.36,77,100,14.7
36,Tiksi,RU,2022-09-25 18:55:25,71.6872,128.8694,33.94,81,70,23.13
37,Ouadda,CF,2022-09-25 18:55:26,8.0777,22.4007,69.78,94,64,3.38
38,Qaanaaq,GL,2022-09-25 18:55:26,77.484,-69.3632,31.91,78,100,16.33
39,Alto Araguaia,BR,2022-09-25 18:55:26,-17.3147,-53.2153,92.86,25,89,12.28
40,Santa Isabel Do Rio Negro,BR,2022-09-25 18:55:27,-0.4139,-65.0192,92.89,43,86,1.36
41,Hualmay,PE,2022-09-25 18:55:27,-11.0964,-77.6139,66.61,69,7,12.91
42,Cape Town,ZA,2022-09-25 18:53:06,-33.9258,18.4232,62.1,77,20,3.44
43,Esperance,AU,2022-09-25 18:55:28,-33.8667,121.9,55.02,78,34,10.11
44,Axim,GH,2022-09-25 18:55:28,4.8699,-2.2405,76.17,89,100,8.5
45,Butaritari,KI,2022-09-25 18:55:28,3.0707,172.7902,81.12,71,2,11.86
46,Albany,US,2022-09-25 18:55:29,42.6001,-73.9662,63.68,76,100,1.99
47,Mataura,NZ,2022-09-25 18:56:29,-46.1927,168.8643,49.48,98,87,2.15
48,Kapaa,US,2022-09-25 18:56:29,22.0752,-159.319,82.38,87,92,1.01
49,Mahibadhoo,MV,2022-09-25 18:56:30,3.7833,72.9667,81.07,78,72,11.25
50,Te Anau,NZ,2022-09-25 18:56:30,-45.4167,167.7167,47.95,92,86,1.99
51,Khatanga,RU,2022-09-25 18:56:31,71.9667,102.5,26.49,97,100,10.02
52,Yerbogachen,RU,2022-09-25 18:56:31,61.2767,108.0108,23.29,99,99,2.62
53,Saint-Augustin,CA,2022-09-25 18:56:31,51.226,-58.6502,50.14,79,100,18.05
54,Roma,US,2022-09-25 18:56:32,43.2128,-75.4557,60.82,96,100,6.91
55,Bredasdorp,ZA,2022-09-25 18:56:32,-34.5322,20.0403,55.81,91,100,2.3
56,Udachnyy,RU,2022-09-25 18:56:32,66.4167,112.4,17.65,97,98,5.61
57,Saskylakh,RU,2022-09-25 18:56:33,71.9167,114.0833,30.33,85,100,15.48
58,Vostok,RU,2022-09-25 18:56:33,46.4856,135.8833,45.18,79,100,4.63
59,Hithadhoo,MV,2022-09-25 18:56:33,-0.6,73.0833,78.78,82,100,16.91
60,Homer,US,2022-09-25 18:56:34,59.6425,-151.5483,52.03,67,22,5.01
61,Lavrentiya,RU,2022-09-25 18:56:34,65.5833,-171.0,36.77,80,100,8.34
62,Autun,FR,2022-09-25 18:56:34,46.95,4.3,50.54,88,73,2.77
63,Buraydah,SA,2022-09-25 18:52:23,26.326,43.975,88.25,26,3,10.29
64,Vanimo,PG,2022-09-25 18:56:35,-2.6741,141.3028,76.26,90,32,5.44
65,Catio,GW,2022-09-25 18:56:35,11.2833,-15.25,76.8,85,100,6.2
66,Kodiak,US,2022-09-25 18:56:35,57.79,-152.4072,47.68,79,92,4.61
67,Leshukonskoye,RU,2022-09-25 18:56:36,64.8989,45.7622,41.14,69,100,8.34
68,Chaozhou,CN,2022-09-25 18:56:36,23.6651,116.6379,75.06,89,67,1.23
69,Kavieng,PG,2022-09-25 18:56:36,-2.5744,150.7967,81.91,73,10,10.63
70,Bluff,NZ,2022-09-25 18:56:37,-46.6,168.3333,49.8,91,98,2.91
71,Marsaxlokk,MT,2022-09-25 18:56:37,35.8419,14.5431,77.61,69,40,11.5
72,Kitimat,CA,2022-09-25 18:52:53,54.0524,-128.6534,55.78,27,100,3.22
73,La Tuque,CA,2022-09-25 18:56:38,47.4334,-72.7824,62.85,55,100,3.44
74,Cidreira,BR,2022-09-25 18:56:38,-30.1811,-50.2056,63.37,84,100,18.3
75,Korla,CN,2022-09-25 18:56:38,41.7597,86.1469,70.83,33,28,5.01
76,Chokurdakh,RU,2022-09-25 18:56:39,70.6333,147.9167,29.59,86,100,9.78
77,Fortuna,US,2022-09-25 18:56:39,40.5982,-124.1573,57.54,43,3,4.41
78,Mar Del Plata,AR,2022-09-25 18:56:39,-38.0023,-57.5575,60.82,80,0,13.8
79,Plettenberg Bay,ZA,2022-09-25 18:56:40,-34.0527,23.3716,59.81,89,100,6.42
80,East London,ZA,2022-09-25 18:56:40,-33.0153,27.9116,63.54,82,20,12.66
81,Talnakh,RU,2022-09-25 18:56:40,69.4865,88.3972,24.21,76,12,3.04
82,Westport,US,2022-09-25 18:56:41,41.1415,-73.3579,73.94,67,100,11.01
83,Hay River,CA,2022-09-25 18:56:41,60.8156,-115.7999,49.96,53,75,3.44
84,Verkhoyansk,RU,2022-09-25 18:56:41,67.5447,133.385,31.32,65,100,2.44
85,Pozo Colorado,PY,2022-09-25 18:56:42,-23.4923,-58.7972,72.3,69,100,12.57
86,Havoysund,NO,2022-09-25 18:56:42,70.9963,24.6622,52.03,75,10,18.39
87,Fort Nelson,CA,2022-09-25 18:56:42,58.8053,-122.7002,45.99,66,100,0.0
88,Los Llanos De Aridane,ES,2022-09-25 18:56:42,28.6585,-17.9182,70.12,97,100,13.8
89,Vao,NC,2022-09-25 18:56:43,-22.6667,167.4833,73.26,81,15,10.36
90,Sao Filipe,CV,2022-09-25 18:57:43,14.8961,-24.4956,78.67,74,100,9.64
91,Mount Isa,AU,2022-09-25 18:57:43,-20.7333,139.5,55.17,50,0,2.3
92,Upernavik,GL,2022-09-25 18:57:44,72.7868,-56.1549,33.64,68,100,6.15
93,Airai,TL,2022-09-25 18:57:44,-8.9266,125.4092,58.15,70,8,2.17
94,Nyurba,RU,2022-09-25 18:57:44,63.2842,118.3319,25.09,97,80,5.95
95,Hokitika,NZ,2022-09-25 18:57:45,-42.7167,170.9667,52.63,85,100,3.49
96,Ribeira Grande,PT,2022-09-25 18:57:45,38.5167,-28.7,72.0,83,40,16.11
97,Chapleau,CA,2022-09-25 18:57:45,47.8405,-83.4034,55.49,71,75,2.3
98,Yar-Sale,RU,2022-09-25 18:57:46,66.8333,70.8333,28.45,90,15,12.01
99,Kahului,US,2022-09-25 18:57:46,20.8947,-156.47,83.97,73,14,10.0
100,Bethel,US,2022-09-25 18:55:25,41.3712,-73.414,73.53,72,100,1.99
101,Tuktoyaktuk,CA,2022-09-25 18:57:46,69.4541,-133.0374,32.0,80,100,10.36
102,Lorengau,PG,2022-09-25 18:57:47,-2.0226,147.2712,81.64,71,71,10.31
103,Acari,PE,2022-09-25 18:57:47,-15.4311,-74.6158,75.06,50,24,10.6
104,Hirara,JP,2022-09-25 18:57:47,24.8,125.2833,82.22,81,21,13.44
105,Camacha,PT,2022-09-25 18:57:48,33.0833,-16.3333,69.22,60,20,12.66
106,Victoria,HK,2022-09-25 18:54:00,22.2855,114.1577,83.32,79,28,8.01
107,Saint Anthony,US,2022-09-25 18:57:48,45.0205,-93.218,70.14,47,40,23.02
108,Adrar,MR,2022-09-25 18:57:48,20.5022,-10.0711,98.22,22,50,5.75
109,Nome,US,2022-09-25 18:57:49,64.5011,-165.4064,46.17,86,100,9.62
110,Felanitx,ES,2022-09-25 18:57:49,39.4696,3.1483,70.32,80,100,15.73
111,Ilulissat,GL,2022-09-25 18:57:49,69.2167,-51.1,33.17,73,100,10.98
112,Vaini,TO,2022-09-25 18:57:50,-21.2,-175.2,69.96,100,75,4.61
113,Tabas,IR,2022-09-25 18:57:50,33.5959,56.9244,85.26,12,0,5.73
114,Nantucket,US,2022-09-25 18:57:50,41.2835,-70.0995,70.0,57,100,16.6
115,Laguna,US,2022-09-25 18:57:50,38.421,-121.4238,91.63,45,0,1.99
116,Severo-Kurilsk,RU,2022-09-25 18:57:51,50.6789,156.125,50.54,92,100,22.62
117,Taoudenni,ML,2022-09-25 18:57:51,22.6783,-3.9836,103.55,10,100,2.35
118,Ngunguru,NZ,2022-09-25 18:57:51,-35.6167,174.5,58.75,84,19,20.02
119,Dawlatabad,AF,2022-09-25 18:57:52,36.4141,64.9053,71.56,18,0,1.57
120,Port Alfred,ZA,2022-09-25 18:57:52,-33.5906,26.891,61.18,75,95,1.99
121,Bathsheba,BB,2022-09-25 18:57:52,13.2167,-59.5167,86.61,74,40,16.11
122,Acapulco,MX,2022-09-25 18:57:53,16.8634,-99.8901,84.07,74,94,3.56
123,Ahipara,NZ,2022-09-25 18:57:53,-35.1667,173.1667,57.58,87,99,10.07
124,Mandera,KE,2022-09-25 18:57:53,3.9366,41.867,84.36,42,70,2.37
125,Vila Velha,BR,2022-09-25 18:53:05,-20.3297,-40.2925,73.35,82,100,9.22
126,Mount Gambier,AU,2022-09-25 18:57:54,-37.8333,140.7667,48.47,98,100,3.06
127,Castro,BR,2022-09-25 18:57:54,-24.7911,-50.0119,64.89,55,100,7.31
128,Adre,TD,2022-09-25 18:57:54,13.4667,22.2,79.65,48,100,9.42
129,Cherskiy,RU,2022-09-25 18:57:55,68.75,161.3,26.04,82,91,3.69
130,Voh,NC,2022-09-25 18:57:55,-20.9667,164.7,69.24,93,1,3.13
131,Yellowknife,CA,2022-09-25 18:55:19,62.456,-114.3525,46.92,66,75,13.8
132,Athabasca,CA,2022-09-25 18:57:55,54.7169,-113.2854,59.41,31,100,14.43
133,Alice Springs,AU,2022-09-25 18:57:56,-23.7,133.8833,72.21,24,75,10.36
134,Narsaq,GL,2022-09-25 18:57:56,60.9167,-46.05,53.28,80,63,5.97
135,Vila Franca Do Campo,PT,2022-09-25 18:57:56,37.7167,-25.4333,74.19,75,46,13.8
136,Kirakira,SB,2022-09-25 18:58:57,-10.4544,161.9205,77.41,82,84,2.73
137,Bosaso,SO,2022-09-25 18:58:57,11.2842,49.1816,88.05,52,4,1.88
138,Evensk,RU,2022-09-25 18:58:57,61.95,159.2333,37.6,66,100,23.76
139,Ponta Do Sol,PT,2022-09-25 18:58:57,32.6667,-17.1,72.23,78,49,9.84
140,Malanje,AO,2022-09-25 18:58:58,-9.5402,16.341,71.62,69,88,3.2
141,Nabire,ID,2022-09-25 18:55:06,-3.3667,135.4833,74.53,91,99,3.38
142,Marijampole,LT,2022-09-25 18:58:58,54.5667,23.35,49.68,72,97,4.03
143,Anadyr,RU,2022-09-25 18:58:58,64.75,177.4833,23.5,86,0,6.71
144,Santa Marta,CO,2022-09-25 18:58:59,11.2408,-74.199,87.89,68,40,8.05
145,Kanevskaya,RU,2022-09-25 18:58:59,46.0849,38.9596,55.8,66,8,9.73
146,Haines Junction,CA,2022-09-25 18:58:59,60.7522,-137.5108,44.55,76,100,3.44
147,Doha,QA,2022-09-25 18:59:00,25.2867,51.5333,91.38,66,0,9.22
148,Acobamba,PE,2022-09-25 18:59:00,-11.3525,-75.6594,62.31,60,88,8.81
149,Maniitsoq,GL,2022-09-25 18:59:00,65.4167,-52.9,44.15,60,100,3.33
150,Fukue,JP,2022-09-25 18:59:01,32.6881,128.8419,74.3,76,93,4.03
151,Luderitz,NA,2022-09-25 18:59:01,-26.6481,15.1594,55.76,79,87,0.63
152,Dzaoudzi,YT,2022-09-25 18:59:01,-12.7887,45.2699,76.89,78,0,3.44
153,Bulgan,MN,2022-09-25 18:59:02,48.8125,103.5347,45.32,49,32,3.94
154,Liverpool,GB,2022-09-25 18:57:24,53.4106,-2.9779,56.7,77,75,14.97
155,Log,RU,2022-09-25 18:59:02,49.4844,43.8613,49.23,77,96,8.81
156,Muros,ES,2022-09-25 18:59:03,42.7762,-9.0603,63.09,71,0,16.35
157,Traverse City,US,2022-09-25 18:54:48,44.7631,-85.6206,61.0,81,97,14.79
158,Rocha,UY,2022-09-25 18:59:03,-34.4833,-54.3333,63.79,48,93,13.0
159,Katsuura,JP,2022-09-25 18:59:04,35.1333,140.3,69.82,83,44,7.96
160,Vallenar,CL,2022-09-25 18:59:04,-28.5708,-70.7581,74.64,22,84,11.54
161,Neman,RU,2022-09-25 18:59:05,55.0311,22.0264,48.81,79,98,4.16
162,Fairbanks,US,2022-09-25 18:56:15,64.8378,-147.7164,44.82,84,99,2.71
163,Honningsvag,NO,2022-09-25 18:59:05,70.9821,25.9704,51.55,62,20,24.16
164,Avarua,CK,2022-09-25 18:59:05,-21.2078,-159.775,77.05,73,20,16.11
165,Santa Cruz Del Sur,CU,2022-09-25 18:59:06,20.7147,-77.9956,85.42,66,100,6.33
166,Flinders,AU,2022-09-25 18:59:06,-34.5833,150.8552,49.24,87,56,1.99
167,Vung Tau,VN,2022-09-25 18:59:06,10.346,107.0843,78.85,87,100,8.3
168,Batagay-Alyta,RU,2022-09-25 18:59:07,67.8006,130.4114,26.58,95,100,3.87
169,Dzhebariki-Khaya,RU,2022-09-25 18:59:07,62.2167,135.8,37.63,92,100,3.24
170,Bayan,CN,2022-09-25 18:59:08,46.0833,127.4,51.55,59,7,8.01
171,Byron Bay,AU,2022-09-25 18:55:07,-28.65,153.6167,58.95,91,31,3.78
172,Saint-Philippe,RE,2022-09-25 18:59:08,-21.3585,55.7679,67.59,80,40,14.54
173,San Cristobal,VE,2022-09-25 18:59:09,7.7669,-72.225,84.38,47,100,7.4
174,Troitsko-Pechorsk,RU,2022-09-25 18:59:09,62.7084,56.1964,34.09,67,2,12.3
175,Caravelas,BR,2022-09-25 18:59:10,-17.7125,-39.2481,71.96,80,100,8.68
176,Oume,JP,2022-09-25 18:59:10,35.7839,139.2431,67.24,87,28,2.13
177,Hambantota,LK,2022-09-25 18:59:10,6.1241,81.1185,77.34,100,40,5.75
178,Tunceli,TR,2022-09-25 18:59:11,39.1083,39.5471,61.61,29,0,5.32
179,Faya,SA,2022-09-25 18:59:11,18.3851,42.4509,73.92,25,65,12.15
180,Saldanha,ZA,2022-09-25 18:59:12,-33.0117,17.9442,59.05,84,100,5.44
181,Pisco,PE,2022-09-25 19:00:12,-13.7,-76.2167,66.02,68,2,6.67
182,Santa Cruz De La Palma,ES,2022-09-25 19:00:13,28.6835,-17.7642,74.14,94,100,13.8
183,Marolambo,MG,2022-09-25 19:00:15,-20.05,48.1167,59.58,94,58,1.52
184,Dikson,RU,2022-09-25 19:00:15,73.5069,80.5464,32.59,84,100,17.96
185,Vardo,NO,2022-09-25 19:00:16,70.3705,31.1107,46.38,87,0,11.5
186,Roald,NO,2022-09-25 19:00:17,62.5833,6.1333,55.54,62,75,16.11
187,Pampas,PE,2022-09-25 19:00:17,-12.4,-74.9,65.14,36,50,8.32
188,Arraial Do Cabo,BR,2022-09-25 19:00:18,-22.9661,-42.0278,69.62,72,2,13.78
189,Manzhouli,CN,2022-09-25 19:00:18,49.6,117.4333,37.94,45,100,6.49
190,Provideniya,RU,2022-09-25 19:00:19,64.3833,-173.3,36.32,74,95,5.82
191,Vysokopillya,UA,2022-09-25 19:00:20,47.4919,33.5306,55.27,61,100,7.18
192,Inirida,CO,2022-09-25 19:00:21,3.8653,-67.9239,88.65,58,100,1.86
193,Kabinda,CD,2022-09-25 19:00:29,-6.1333,24.4833,71.64,72,60,1.81
194,Obihiro,JP,2022-09-25 19:00:30,42.9172,143.2044,56.07,82,100,2.08
195,Pangoa,PE,2022-09-25 19:00:30,-12.1167,-73.0,88.47,42,88,5.1
196,Pangody,RU,2022-09-25 19:00:32,65.85,74.4859,28.56,83,43,11.56
197,Pevek,RU,2022-09-25 19:00:32,69.7008,170.3133,28.63,74,9,5.08
198,Solnechnyy,RU,2022-09-25 19:00:32,50.7214,136.6319,48.54,97,99,7.11
199,Lensk,RU,2022-09-25 19:00:33,60.7253,114.9278,31.32,98,100,3.53
200,Puerto Narino,CO,2022-09-25 19:00:33,-3.7703,-70.3831,91.22,48,95,3.47
201,Sao Joao Da Barra,BR,2022-09-25 19:00:34,-21.6403,-41.0511,71.53,67,15,12.33
202,Beringovskiy,RU,2022-09-25 19:00:34,63.05,179.3167,33.4,60,0,9.69
203,Torbay,CA,2022-09-25 19:00:34,47.6666,-52.7314,59.58,78,100,7.0
204,Tavda,RU,2022-09-25 19:00:35,58.0425,65.2726,36.43,74,36,11.54
205,Constitucion,CL,2022-09-25 19:00:35,-35.3333,-72.4167,56.26,61,6,11.92
206,Berlevag,NO,2022-09-25 19:00:37,70.8578,29.0864,44.55,76,0,17.27
207,Verkhnevilyuysk,RU,2022-09-25 19:00:37,63.4453,120.3167,29.77,95,99,6.91
208,Quelimane,MZ,2022-09-25 19:00:38,-17.8786,36.8883,75.25,85,0,8.7
209,Ketchikan,US,2022-09-25 19:00:38,55.3422,-131.6461,55.26,98,100,5.68
210,Poum,NC,2022-09-25 19:00:39,-20.2333,164.0167,75.49,79,1,13.47
211,Villa San Giovanni,IT,2022-09-25 19:00:39,38.2276,15.6386,79.34,81,100,13.0
212,Kaitangata,NZ,2022-09-25 19:00:39,-46.2817,169.8464,47.25,92,99,2.55
213,Bambous Virieux,MU,2022-09-25 19:00:40,-20.3428,57.7575,71.85,78,40,16.11
214,Gilgit,PK,2022-09-25 19:00:40,35.9221,74.3087,70.63,61,100,1.14
215,Belmonte,BR,2022-09-25 19:00:40,-15.8631,-38.8828,73.6,92,68,11.65
216,Guozhen,CN,2022-09-25 19:00:41,34.3659,107.359,62.91,75,26,2.17
217,Batagay,RU,2022-09-25 19:00:41,67.6333,134.6333,28.78,67,100,1.1
218,Turukhansk,RU,2022-09-25 19:00:42,65.8167,87.9833,28.18,97,100,3.22
219,Coihaique,CL,2022-09-25 19:00:36,-45.5752,-72.0662,42.01,97,100,4.5
220,Port Lincoln,AU,2022-09-25 19:00:25,-34.7333,135.8667,54.19,83,70,13.56
221,Blythe,US,2022-09-25 19:00:42,33.6103,-114.5964,102.04,11,0,10.94
222,Saint George,US,2022-09-25 19:00:43,37.1041,-113.5841,84.94,19,0,1.99
223,Tanggu,CN,2022-09-25 19:00:43,39.0211,117.6469,58.96,47,0,7.16
224,Garissa,KE,2022-09-25 19:00:43,-0.4536,39.6401,78.85,67,5,23.31
225,Broome,US,2022-09-25 19:00:44,42.2506,-75.833,66.02,80,100,10.0
226,Richards Bay,ZA,2022-09-25 19:00:44,-28.783,32.0377,74.95,66,4,7.7
227,Beloha,MG,2022-09-25 19:00:44,-25.1667,45.05,77.02,46,0,11.79
228,Xai-Xai,MZ,2022-09-25 19:01:45,-25.0519,33.6442,75.78,55,0,11.07
229,Kununurra,AU,2022-09-25 19:01:45,-15.7667,128.7333,71.58,94,3,3.44
230,Yarada,IN,2022-09-25 19:01:46,17.65,83.2667,79.12,94,40,2.3
231,Krasnyy Oktyabr,RU,2022-09-25 19:01:46,56.1167,38.8833,44.24,95,100,2.86
232,Moose Factory,CA,2022-09-25 19:01:46,51.2585,-80.6094,66.47,42,92,2.89
233,Bratsk,RU,2022-09-25 18:57:32,56.1325,101.6142,32.49,91,100,4.88
234,Buala,SB,2022-09-25 19:01:48,-8.145,159.5921,78.33,78,100,0.38
235,Port Hardy,CA,2022-09-25 19:01:48,50.6996,-127.4199,51.98,100,100,3.44
236,Kolobrzeg,PL,2022-09-25 19:01:48,54.1757,15.5834,54.73,82,22,6.78
237,Bardiyah,LY,2022-09-25 19:01:49,31.7561,25.0865,74.55,68,3,13.15
238,Srednekolymsk,RU,2022-09-25 19:01:49,67.45,153.6833,29.12,79,36,7.85
239,Oranjemund,NA,2022-09-25 19:01:49,-28.55,16.4333,55.85,79,99,5.14
240,Lanzhou,CN,2022-09-25 19:00:09,36.0564,103.7922,63.28,50,99,2.35
241,Cozumel,MX,2022-09-25 19:00:21,20.5083,-86.9458,91.47,77,40,7.0
242,Kovdor,RU,2022-09-25 19:01:50,67.5662,30.4758,34.18,89,50,2.95
243,Lebu,CL,2022-09-25 19:01:50,-37.6167,-73.65,53.24,64,33,8.68
244,Uribia,CO,2022-09-25 19:01:50,11.7139,-72.266,85.1,66,100,8.19
245,Colomi,BO,2022-09-25 19:01:51,-17.35,-65.8667,70.47,64,63,11.32
246,Luanda,AO,2022-09-25 18:58:32,-8.8368,13.2343,71.6,87,100,14.14
247,Namibe,AO,2022-09-25 19:01:51,-15.1961,12.1522,64.35,82,86,10.45
248,Nivala,FI,2022-09-25 19:01:51,63.9167,24.9667,42.69,93,39,5.23
249,Noumea,NC,2022-09-25 19:00:28,-22.2763,166.4572,66.18,85,0,4.72
250,Karla,EE,2022-09-25 19:01:52,59.3723,24.9275,47.91,87,20,0.0
251,Morondava,MG,2022-09-25 19:01:52,-20.2833,44.2833,74.16,84,0,9.13
252,Arman,RU,2022-09-25 19:01:52,59.7,150.1667,41.02,61,100,8.68
253,Novyy Nekouz,RU,2022-09-25 19:01:53,57.9029,38.07,44.62,94,89,4.54
254,Tasiilaq,GL,2022-09-25 19:01:53,65.6145,-37.6368,44.76,58,100,6.26
255,Somerset East,ZA,2022-09-25 19:01:53,-32.7217,25.588,73.44,36,100,23.0
256,Dubbo,AU,2022-09-25 19:01:54,-32.25,148.6167,44.73,93,100,4.61
257,Naze,JP,2022-09-25 19:01:54,28.3667,129.4833,77.04,81,15,7.76
258,Sitka,US,2022-09-25 19:01:54,57.0531,-135.33,55.29,94,100,4.61
259,Mahon,ES,2022-09-25 19:01:54,39.8885,4.2658,70.36,73,75,13.8
260,Pangnirtung,CA,2022-09-25 19:01:55,66.1451,-65.7125,42.75,49,100,3.44
261,Port Moresby,PG,2022-09-25 19:01:55,-9.4431,147.1797,75.42,89,62,3.58
262,Manta,EC,2022-09-25 19:01:55,-0.95,-80.7333,76.24,70,88,17.07
263,Pine Hills,US,2022-09-25 19:00:23,28.5578,-81.4534,90.09,66,95,1.99
264,Puerto Leguizamo,CO,2022-09-25 19:01:56,-0.1934,-74.7819,92.82,41,74,2.66
265,Ancud,CL,2022-09-25 19:01:56,-41.8697,-73.8203,49.23,76,100,19.19
266,Klyuchi,RU,2022-09-25 19:01:56,52.2667,79.1667,62.4,45,98,5.73
267,Yelizavetinskoye,RU,2022-09-25 19:01:57,45.0072,43.3494,54.9,64,10,8.37
268,Savyntsi,UA,2022-09-25 19:01:57,49.4026,37.0627,49.98,66,52,7.99
269,Waddan,LY,2022-09-25 19:01:57,29.1614,16.139,80.8,31,0,8.03
270,Novyy Urengoy,RU,2022-09-25 19:01:57,66.0833,76.6333,29.1,87,70,14.12
271,Tiarei,PF,2022-09-25 19:01:58,-17.5333,-149.3333,80.62,79,44,24.94
272,San Rafael Del Sur,NI,2022-09-25 19:01:58,11.8485,-86.4384,81.43,79,100,6.89
273,Novouzensk,RU,2022-09-25 19:01:59,50.4592,48.1431,50.77,78,100,17.25
274,Cayenne,GF,2022-09-25 19:00:05,4.9333,-52.3333,89.64,58,0,18.41
275,Zhezkazgan,KZ,2022-09-25 19:02:59,47.8043,67.7144,71.82,22,100,7.99
276,Tsagan Aman,RU,2022-09-25 19:03:00,47.5639,46.7218,59.49,44,98,19.62
277,Padang,ID,2022-09-25 19:00:31,-0.9492,100.3543,77.76,85,100,3.74
278,Cerquilho,BR,2022-09-25 19:03:00,-23.165,-47.7436,77.14,31,58,3.8
279,Kruisfontein,ZA,2022-09-25 19:03:00,-34.0033,24.7314,59.88,87,100,10.6
280,Paramirim,BR,2022-09-25 19:03:00,-13.4425,-42.2389,81.81,49,40,9.44
281,Nara,JP,2022-09-25 19:01:15,34.6851,135.8049,68.5,68,12,2.1
282,Clyde River,CA,2022-09-25 19:03:01,70.4692,-68.5914,35.85,81,100,6.04
283,Mana,GF,2022-09-25 19:03:01,5.6592,-53.7767,84.56,68,22,12.97
284,Thompson,CA,2022-09-25 19:03:02,55.7435,-97.8558,47.26,42,100,13.73
285,Hofn,IS,2022-09-25 19:03:02,64.2539,-15.2082,44.56,55,0,28.3
286,Tura,IN,2022-09-25 19:03:03,25.5198,90.2201,72.45,95,100,3.29
287,Cabo San Lucas,MX,2022-09-25 19:01:49,22.8909,-109.9124,90.18,72,100,5.23
288,Nsanje,MW,2022-09-25 19:03:03,-16.92,35.262,83.1,48,67,6.55
289,Bahia Blanca,AR,2022-09-25 19:00:22,-38.7196,-62.2724,64.15,65,99,4.74
290,Cap-Aux-Meules,CA,2022-09-25 19:03:04,47.3821,-61.8597,56.46,74,0,18.5
291,Mattru,SL,2022-09-25 19:03:05,7.6244,-11.8332,74.19,93,100,4.32
292,San Patricio,US,2022-09-25 19:03:06,28.017,-97.5169,91.35,47,96,8.08
293,Zhanakorgan,KZ,2022-09-25 19:03:07,43.9098,67.2495,74.97,21,0,4.59
294,Turochak,RU,2022-09-25 19:03:07,52.2576,87.1224,54.73,64,100,4.09
295,Nanortalik,GL,2022-09-25 19:03:07,60.1432,-45.2371,52.7,93,100,18.63
296,Codrington,AU,2022-09-25 19:03:08,-38.2667,141.9667,50.38,97,100,5.23
297,Salamanca,ES,2022-09-25 19:03:08,40.8333,-6.0,61.63,36,74,9.95
298,Bonfim,BR,2022-09-25 19:03:09,3.0833,-59.95,93.18,43,15,3.62
299,Volga,RU,2022-09-25 19:03:09,57.9516,38.3879,46.35,92,93,4.07
300,Lompoc,US,2022-09-25 19:00:06,34.6391,-120.4579,75.34,77,40,8.05
301,Sterling,US,2022-09-25 18:59:09,39.0062,-77.4286,80.02,65,100,9.64
302,Rioja,AR,2022-09-25 19:03:10,-29.4111,-66.8507,75.4,23,85,12.24
303,Panama City,PA,2022-09-25 18:58:40,8.9936,-79.5197,87.39,76,40,8.05
304,Pangai,TO,2022-09-25 19:03:11,-19.8,-174.35,73.92,83,100,14.79
305,Listvyanskiy,RU,2022-09-25 19:03:11,54.4399,83.4984,43.57,89,100,11.59
306,Kenora,CA,2022-09-25 19:03:12,49.8167,-94.4337,58.17,62,75,13.8
307,Vaasa,FI,2022-09-25 19:03:12,63.096,21.6158,50.02,76,0,6.91
308,Karratha,AU,2022-09-25 19:03:13,-20.7377,116.8463,73.92,28,1,10.2
309,Portland,US,2022-09-25 19:02:01,45.5234,-122.6762,82.99,51,0,6.91
310,Sur,OM,2022-09-25 19:03:13,22.5667,59.5289,84.51,65,5,12.75
311,The Valley,AI,2022-09-25 19:03:13,18.217,-63.0578,86.83,72,100,13.67
312,Dawson Creek,CA,2022-09-25 19:00:21,55.7666,-120.2362,62.98,54,100,14.43
313,Manaure,CO,2022-09-25 19:03:14,11.7751,-72.4445,84.7,69,100,8.66
314,Thyboron,DK,2022-09-25 19:03:15,56.6985,8.2124,54.14,78,100,14.63
315,Birao,CF,2022-09-25 19:02:16,10.2849,22.7882,75.79,81,12,4.38
316,Comodoro Rivadavia,AR,2022-09-25 19:01:33,-45.8667,-67.5,58.48,35,95,21.3
317,Guangyuan,CN,2022-09-25 19:03:15,32.442,105.823,61.66,94,72,1.45
318,Okhotsk,RU,2022-09-25 19:03:16,59.3833,143.3,38.14,65,100,7.45
319,Pacific Grove,US,2022-09-25 19:03:16,36.6177,-121.9166,70.39,91,75,4.61
320,Nishihara,JP,2022-09-25 19:03:16,26.1842,127.7558,78.46,97,75,4.61
321,Tuatapere,NZ,2022-09-25 19:03:17,-46.1333,167.6833,48.42,93,96,3.67
322,Viedma,AR,2022-09-25 19:04:17,-40.8135,-62.9967,59.13,67,100,11.68
323,Qaqortoq,GL,2022-09-25 19:04:17,60.7167,-46.0333,51.19,84,99,6.35
324,Ostrovnoy,RU,2022-09-25 19:04:18,68.0531,39.5131,40.82,78,99,9.75
325,Olafsvik,IS,2022-09-25 19:04:18,64.8945,-23.7142,46.49,63,0,10.42
326,Aklavik,CA,2022-09-25 19:04:19,68.2191,-135.0107,37.4,93,100,5.75
327,Kilindoni,TZ,2022-09-25 19:04:19,-7.9139,39.6668,76.33,81,5,13.42
328,Choma,ZM,2022-09-25 19:04:19,-16.8065,26.9531,73.44,33,68,9.19
329,Ulladulla,AU,2022-09-25 19:04:20,-35.35,150.4667,52.11,85,98,3.06
330,Aitape,PG,2022-09-25 19:04:20,-3.1374,142.3475,76.62,86,74,5.06
331,Waingapu,ID,2022-09-25 19:04:21,-9.6567,120.2641,76.15,82,100,5.3
332,Hellvik,NO,2022-09-25 19:04:21,59.9156,5.781,52.77,88,100,14.0
333,Paamiut,GL,2022-09-25 19:04:22,61.994,-49.6678,46.06,99,100,14.25
334,Ningxiang,CN,2022-09-25 19:04:22,37.34,111.2052,57.16,54,0,4.9
335,Parakou,BJ,2022-09-25 19:04:22,9.3372,2.6303,75.51,87,63,2.98
336,Caronport,CA,2022-09-25 19:04:23,50.4501,-105.8179,66.02,22,18,10.96
337,Verkh-Usugli,RU,2022-09-25 19:04:23,52.7,115.1667,33.37,62,100,1.3
338,Mayo,US,2022-09-25 19:04:23,38.8876,-76.5119,81.03,60,0,8.01
339,Riyadh,SA,2022-09-25 19:00:02,24.6877,46.7219,84.51,19,100,11.88
340,Santarem,BR,2022-09-25 19:04:24,-2.4431,-54.7083,91.53,62,20,10.36
341,Hasaki,JP,2022-09-25 19:04:24,35.7333,140.8333,63.28,79,83,13.31
342,Zyrardow,PL,2022-09-25 19:04:25,52.0488,20.446,57.76,99,30,2.55
343,Zyryanka,RU,2022-09-25 19:04:25,65.75,150.85,28.27,81,11,1.92
344,Half Moon Bay,US,2022-09-25 19:00:58,37.4636,-122.4286,78.04,76,100,10.36
345,Mahebourg,MU,2022-09-25 19:04:25,-20.4081,57.7,71.89,78,40,16.11
346,Miquelon,PM,2022-09-25 19:04:26,47.0975,-56.3814,59.0,73,85,24.18
347,Pathein,MM,2022-09-25 19:04:26,16.7833,94.7333,76.78,92,100,2.01
348,Mapiripan,CO,2022-09-25 19:04:27,2.8892,-72.1256,89.92,49,94,1.83
349,Nhulunbuy,AU,2022-09-25 19:04:27,-12.2333,136.7667,74.01,83,99,0.0
350,Ciudad Bolivar,VE,2022-09-25 19:04:28,8.1222,-63.5497,92.68,46,87,4.14
351,Tiznit,MA,2022-09-25 19:04:28,29.5833,-9.5,68.58,83,100,2.82
352,Tecoanapa,MX,2022-09-25 19:04:28,16.5167,-98.75,84.33,74,100,8.86
353,Lingao,CN,2022-09-25 19:04:29,19.9103,109.6859,76.53,88,9,5.17
354,Senador Guiomard,BR,2022-09-25 19:04:29,-10.1522,-67.7392,94.75,24,55,5.21
355,Bud,US,2022-09-25 19:04:30,39.447,-86.1758,73.47,62,33,17.98
356,Erenhot,CN,2022-09-25 19:04:30,43.6475,111.9767,58.32,40,8,4.59
357,Hudiksvall,SE,2022-09-25 19:04:30,61.729,17.1036,49.55,92,13,6.87
358,Saint-Pierre,RE,2022-09-25 19:04:31,-21.3393,55.4781,67.68,73,20,4.61
359,Leningradskiy,RU,2022-09-25 19:04:31,69.3833,178.4167,31.59,97,100,7.05
360,Camacupa,AO,2022-09-25 19:04:31,-12.0167,17.4833,71.31,49,50,5.77
361,Churapcha,RU,2022-09-25 19:04:32,62.0025,132.4325,36.36,89,100,8.23
362,Mozarlandia,BR,2022-09-25 19:04:32,-14.7447,-50.5706,88.03,47,100,14.63
363,Makakilo City,US,2022-09-25 19:04:33,21.3469,-158.0858,80.98,69,0,5.75
364,Bantry,IE,2022-09-25 19:04:33,51.6833,-9.45,55.49,83,100,10.69
365,Kulim,MY,2022-09-25 19:04:33,5.365,100.5618,79.5,88,100,2.48
366,Uyuni,BO,2022-09-25 19:04:33,-20.4597,-66.825,52.07,6,10,18.43
367,Huancabamba,PE,2022-09-25 19:05:34,-5.2386,-79.4506,70.77,60,100,1.72
368,Boden,SE,2022-09-25 19:05:34,65.8252,21.6886,50.0,85,100,7.58
369,Semey,KZ,2022-09-25 19:05:35,50.4111,80.2275,65.73,33,100,8.61
370,Rawson,AR,2022-09-25 19:05:35,-43.3002,-65.1023,61.54,48,26,16.89
371,Shenjiamen,CN,2022-09-25 19:05:35,29.9576,122.298,70.41,72,10,5.37
372,Itarema,BR,2022-09-25 19:05:35,-2.9248,-39.9167,82.56,64,70,20.09
373,Sept-Iles,CA,2022-09-25 19:01:11,50.2001,-66.3821,54.57,60,31,8.19
374,La Ronge,CA,2022-09-25 19:05:36,55.1001,-105.2842,57.45,48,100,1.9
375,Vuktyl,RU,2022-09-25 19:05:36,63.8567,57.3094,33.17,66,1,10.29
376,Kiruna,SE,2022-09-25 19:05:36,67.8557,20.2251,43.72,93,100,12.66
377,Yichang,CN,2022-09-25 19:05:37,30.7144,111.2847,64.24,87,0,2.62
378,La Asuncion,VE,2022-09-25 19:05:33,11.0333,-63.8628,84.83,70,32,11.43
379,Manakara,MG,2022-09-25 19:05:37,-22.1333,48.0167,67.24,88,0,6.22
380,Teguise,ES,2022-09-25 19:05:37,29.0605,-13.564,62.82,94,40,10.36
381,Husavik,IS,2022-09-25 19:05:38,66.0449,-17.3389,39.25,59,94,32.73
382,Ilhabela,BR,2022-09-25 19:05:38,-23.7781,-45.3581,69.85,73,40,8.97
383,Hvolsvollur,IS,2022-09-25 19:05:39,63.7533,-20.2243,42.31,67,6,10.4
384,Skala,PL,2022-09-25 19:05:39,50.2305,19.8536,54.52,92,75,2.3
385,Port Macquarie,AU,2022-09-25 19:05:31,-31.4333,152.9167,49.89,92,13,3.65
386,Forbes,AU,2022-09-25 19:05:39,-33.3833,148.0167,47.3,79,100,4.29
387,Talbahat,IN,2022-09-25 19:05:39,25.05,78.4333,77.0,81,100,6.06
388,Hanzhong,CN,2022-09-25 19:05:40,33.0728,107.0303,59.95,87,20,0.81
389,Tual,ID,2022-09-25 19:05:40,-5.6667,132.75,81.7,78,98,13.71
390,Asfi,MA,2022-09-25 19:05:41,32.2994,-9.2372,69.76,68,100,8.01
391,Ereymentau,KZ,2022-09-25 19:05:41,51.6199,73.1033,64.9,33,92,7.16
392,Longyearbyen,SJ,2022-09-25 19:00:55,78.2186,15.6401,44.44,76,75,19.57
393,Esmeraldas,BR,2022-09-25 19:01:45,-19.7625,-44.3139,86.32,32,65,8.1
394,Umkomaas,ZA,2022-09-25 19:05:41,-30.2067,30.7978,75.6,63,34,2.19
395,Salalah,OM,2022-09-25 19:05:42,17.0151,54.0924,80.69,94,75,9.22
396,Lipin Bor,RU,2022-09-25 19:05:42,60.2622,37.9763,47.39,90,100,5.66
397,Llanes,ES,2022-09-25 19:05:42,43.4198,-4.7549,62.89,78,13,3.78
398,Oxchuc,MX,2022-09-25 19:05:43,16.85,-92.4167,66.11,83,88,3.65
399,Abalak,RU,2022-09-25 19:05:43,58.1286,68.5944,34.63,78,16,8.01
400,Avera,US,2022-09-25 19:05:44,33.194,-82.5271,85.51,36,12,8.12
401,Lanxi,CN,2022-09-25 19:05:44,29.2195,119.477,65.77,81,9,3.78
402,Taunggyi,MM,2022-09-25 19:05:44,20.7833,97.0333,61.03,95,85,1.39
403,Norman Wells,CA,2022-09-25 19:05:45,65.282,-126.8329,44.06,63,4,4.16
404,Kendari,ID,2022-09-25 19:05:45,-3.945,122.4989,72.18,92,39,1.68
405,Iqaluit,CA,2022-09-25 19:02:07,63.7506,-68.5145,34.7,69,100,5.01
406,Emmett,US,2022-09-25 19:05:46,43.8735,-116.4993,81.63,29,0,2.06
407,Aguilas,ES,2022-09-25 19:05:46,37.4063,-1.5829,73.47,76,100,6.15
408,Ponta Delgada,PT,2022-09-25 19:05:46,37.7333,-25.6667,74.5,64,75,12.66
409,Rio Grande,BR,2022-09-25 19:05:47,-32.035,-52.0986,66.31,81,100,17.54
410,La Serena,CL,2022-09-25 19:01:55,-29.9078,-71.2542,62.11,60,82,6.98
411,Geraldton,AU,2022-09-25 19:05:47,-28.7667,114.6,46.81,93,0,6.91
412,Belle Fourche,US,2022-09-25 19:05:47,44.6714,-103.8522,72.09,28,8,12.77
413,Freeport,US,2022-09-25 19:05:48,40.6576,-73.5832,74.98,66,40,13.8
414,Galle,LK,2022-09-25 19:06:48,6.0367,80.217,80.64,82,100,11.41
415,Marienburg,PL,2022-09-25 19:06:48,54.0359,19.0266,55.89,62,58,5.03
416,Port Shepstone,ZA,2022-09-25 19:06:48,-30.7414,30.455,73.96,62,68,5.03
417,Namatanai,PG,2022-09-25 19:06:49,-3.6667,152.4333,78.49,80,13,5.77
418,Kandy,LK,2022-09-25 19:06:16,7.2955,80.6356,71.38,94,100,1.74
419,Vangaindrano,MG,2022-09-25 19:06:49,-23.35,47.6,67.44,90,27,5.41
420,Onverwacht,SR,2022-09-25 19:06:50,5.5833,-55.1833,95.0,44,40,4.61
421,Ingham,US,2022-09-25 19:06:50,42.6,-84.3833,62.22,82,100,4.61
422,Severo-Yeniseyskiy,RU,2022-09-25 19:06:50,60.3725,93.0408,26.42,99,100,2.3
423,San Jose,US,2022-09-25 19:02:04,37.3394,-121.895,82.49,64,0,5.75
424,Canton,CN,2022-09-25 19:06:48,23.1167,113.25,80.55,65,67,2.57
425,Usinsk,RU,2022-09-25 19:06:51,65.9939,57.5281,29.73,81,49,9.42
426,Beyneu,KZ,2022-09-25 19:06:51,45.3167,55.2,59.04,57,0,12.24
427,Sambava,MG,2022-09-25 19:06:51,-14.2667,50.1667,69.17,86,36,12.17
428,Sidrolandia,BR,2022-09-25 19:06:52,-20.9319,-54.9614,89.2,35,100,7.92
429,Aanekoski,FI,2022-09-25 19:06:52,62.6946,25.818,44.67,6,100,2.91
430,Bara,NG,2022-09-25 19:06:52,10.3744,10.7288,80.38,68,99,4.21
431,Luwuk,ID,2022-09-25 19:06:53,-0.9516,122.7875,74.84,82,7,4.7
432,Ilheus,BR,2022-09-25 19:02:12,-14.7889,-39.0494,77.31,78,20,6.89
433,Pauini,BR,2022-09-25 19:06:53,-7.7136,-66.9764,98.67,29,99,2.8
434,Maceio,BR,2022-09-25 19:06:53,-9.6658,-35.7353,80.04,69,40,13.8
435,Meadow Lake,US,2022-09-25 19:02:23,34.8014,-106.5436,83.68,30,5,21.5
436,Nemuro,JP,2022-09-25 19:06:54,43.3236,145.575,62.6,80,100,7.11
437,Ramos Arizpe,MX,2022-09-25 19:01:57,25.55,-100.9667,83.12,39,0,11.1
438,Manaus,BR,2022-09-25 19:05:47,-3.1019,-60.025,95.5,41,40,5.75
439,Wembley,AU,2022-09-25 19:06:54,-31.9333,115.8,51.06,95,0,0.0
440,Manokwari,ID,2022-09-25 19:06:54,-0.8667,134.0833,78.94,78,42,6.4
441,Sarishabari,BD,2022-09-25 19:05:07,24.7333,89.8333,81.39,81,100,3.91
442,Seydi,TM,2022-09-25 19:06:55,39.4816,62.9137,74.77,14,0,1.57
443,Opuwo,NA,2022-09-25 19:06:55,-18.0607,13.84,70.65,18,58,11.88
444,Asau,RO,2022-09-25 19:06:55,46.4333,26.4,56.32,67,100,4.21
445,Takoradi,GH,2022-09-25 19:06:56,4.8845,-1.7554,75.96,90,87,10.29
446,San Quintin,MX,2022-09-25 19:06:56,30.4833,-115.95,78.48,65,0,12.62
447,Neyshabur,IR,2022-09-25 19:06:56,36.2133,58.7958,72.72,22,0,3.71
448,Lethem,GY,2022-09-25 19:06:57,3.3803,-59.7968,83.95,67,83,7.16
449,Tyazhinskiy,RU,2022-09-25 19:06:57,56.116,88.524,36.95,97,100,9.15
450,Warmbad,NA,2022-09-25 19:06:58,-28.45,18.7333,65.19,29,100,14.25
451,Maun,BW,2022-09-25 19:06:59,-19.9833,23.4167,76.5,18,1,6.91
452,Apatity,RU,2022-09-25 19:06:59,67.5641,33.4031,35.53,77,100,4.59
453,Pasighat,IN,2022-09-25 19:06:59,28.0667,95.3333,72.36,95,94,2.35
454,Zeya,RU,2022-09-25 19:06:59,53.75,127.2667,36.16,99,100,4.18
455,Shimoda,JP,2022-09-25 19:07:00,34.6667,138.95,71.37,85,10,5.39
456,Huron,US,2022-09-25 19:07:00,41.1501,-82.5499,65.97,88,98,14.32
457,Sobolevo,RU,2022-09-25 19:07:01,54.4299,31.8996,46.02,74,100,10.56
458,Walvis Bay,NA,2022-09-25 19:07:01,-22.9575,14.5053,56.08,82,64,7.7
459,Ensenada,MX,2022-09-25 19:07:01,31.8667,-116.6167,76.95,80,0,9.64
460,Charcas,MX,2022-09-25 19:07:02,23.1333,-101.1167,73.27,38,60,4.81
461,Amapa,BR,2022-09-25 19:07:02,1.0,-52.0,94.96,35,59,9.57
462,Northam,GB,2022-09-25 19:08:03,51.0333,-4.2167,56.61,74,100,11.7
463,Gigmoto,PH,2022-09-25 19:08:03,13.7796,124.39,80.24,86,100,8.55
464,Finschhafen,PG,2022-09-25 19:08:03,-6.6024,147.8681,77.97,81,26,4.65
465,Omboue,GA,2022-09-25 19:08:04,-1.5746,9.2618,76.95,84,100,10.78
466,Kangaatsiaq,GL,2022-09-25 19:08:04,68.3065,-53.4641,36.5,64,100,19.77
467,Maumere,ID,2022-09-25 19:08:05,-8.6199,122.2111,78.49,82,100,8.05
468,Ozernovskiy,RU,2022-09-25 19:08:05,51.5,156.5167,50.0,97,100,21.05
469,Shizilu,CN,2022-09-25 19:08:05,35.1711,118.8289,58.66,84,2,0.98
470,Antofagasta,CL,2022-09-25 19:03:24,-23.65,-70.4,63.84,68,35,12.21
471,Christchurch,NZ,2022-09-25 19:04:05,-43.5333,172.6333,50.92,69,100,19.57
472,Hastings,GB,2022-09-25 19:08:06,50.8552,0.5729,55.29,56,81,8.48
473,Egvekinot,RU,2022-09-25 19:08:08,66.3167,-179.1667,25.12,72,83,13.24
474,Nouadhibou,MR,2022-09-25 19:08:08,20.931,-17.0347,76.12,91,15,6.67
475,Wakiso,UG,2022-09-25 19:08:08,0.4044,32.4594,64.42,86,78,0.72
476,Iracoubo,GF,2022-09-25 19:08:09,5.4802,-53.2011,83.86,69,7,13.65
477,Suwannaphum,TH,2022-09-25 19:08:09,15.6035,103.8021,77.86,94,98,2.21
478,Bam,IR,2022-09-25 19:07:18,29.106,58.357,82.8,11,0,10.02
479,Irati,BR,2022-09-25 19:08:10,-25.4672,-50.6511,53.69,96,100,2.44
480,Tahoua,NE,2022-09-25 19:08:10,14.8888,5.2692,96.6,19,58,8.75
481,Donskoye,RU,2022-09-25 19:08:11,45.4552,41.9741,51.93,62,60,7.67
482,Manutuke,NZ,2022-09-25 19:08:11,-38.6833,177.9167,52.54,70,89,7.96
483,Sioux Lookout,CA,2022-09-25 19:08:12,50.1001,-91.917,57.06,73,45,13.69
484,Ixtapa,MX,2022-09-25 19:07:18,20.7,-105.2,88.23,79,75,9.22
485,Lagoa,PT,2022-09-25 19:07:19,39.05,-27.9833,70.92,71,87,22.77
486,Kholtoson,RU,2022-09-25 19:08:12,50.2981,103.3097,39.67,65,100,2.15
487,Vaitape,PF,2022-09-25 19:08:13,-16.5167,-151.75,78.03,76,22,18.66
488,Chicama,PE,2022-09-25 19:08:13,-7.8447,-79.1469,59.54,60,53,11.16
489,Hervey Bay,AU,2022-09-25 19:08:49,-25.2986,152.8535,64.72,66,0,4.72
490,Sorland,NO,2022-09-25 19:08:49,67.667,12.6934,53.46,73,100,17.92
491,Cap Estate,LC,2022-09-25 19:08:50,14.0833,-60.95,78.42,75,36,14.07
492,Tupilati,RO,2022-09-25 19:08:50,47.0667,26.6333,57.79,62,100,2.21
493,Awjilah,LY,2022-09-25 19:08:51,29.1081,21.2869,82.22,41,3,9.66
494,Strezhevoy,RU,2022-09-25 19:08:51,60.7333,77.5889,27.43,94,17,7.38
495,Mildura,AU,2022-09-25 19:08:51,-34.2,142.15,55.08,89,100,8.19
496,Zapadnaya Dvina,RU,2022-09-25 19:08:52,56.259,32.0745,41.92,96,100,6.38
497,Katunino,RU,2022-09-25 19:08:52,64.3862,40.6298,42.69,81,100,6.73
498,Hamilton,US,2022-09-25 19:05:20,39.1834,-84.5333,75.2,56,75,17.27
499,Yokadouma,CM,2022-09-25 19:08:52,3.5167,15.05,70.66,96,82,2.1
500,Kavaratti,IN,2022-09-25 19:08:54,10.5669,72.642,81.63,75,46,13.33
501,Khandagayty,RU,2022-09-25 19:08:54,50.7333,92.05,47.66,54,82,2.93
502,Harper,LR,2022-09-25 19:08:54,4.375,-7.7169,74.32,95,100,11.83
503,Vestmanna,FO,2022-09-25 19:08:55,62.1564,-7.1664,43.72,70,75,34.52
504,Praya,CV,2022-09-25 19:08:55,14.9215,-23.5087,81.14,69,20,18.41
505,Vyshkov,RU,2022-09-25 19:08:56,52.4764,31.6873,49.71,58,98,7.4
506,Abu Samrah,SY,2022-09-25 19:08:56,35.3029,37.1841,74.14,30,0,3.62
507,Klaksvik,FO,2022-09-25 19:08:57,62.2266,-6.589,45.52,82,97,40.85
508,Borba,BR,2022-09-25 19:08:57,-4.3878,-59.5939,105.69,16,0,3.11
509,Banjarmasin,ID,2022-09-25 19:08:57,-3.3244,114.591,73.54,95,100,3.22
510,Bandarbeyla,SO,2022-09-25 19:10:26,9.4942,50.8122,77.41,84,63,24.58
511,Xuzhou,CN,2022-09-25 19:10:27,34.1805,117.1571,62.49,76,5,3.51
512,Isangel,VU,2022-09-25 19:10:27,-19.55,169.2667,75.33,82,1,4.34
513,Tupik,RU,2022-09-25 19:10:27,54.4253,119.9327,27.79,68,10,3.65
514,Nagapattinam,IN,2022-09-25 19:10:28,10.7667,79.8333,82.8,73,26,2.19
515,Ambon,ID,2022-09-25 19:10:28,-3.6954,128.1814,77.14,88,40,0.0
516,Bokoro,TD,2022-09-25 19:10:28,12.3807,17.0568,86.43,53,7,7.49
517,Saint-Felicien,CA,2022-09-25 19:10:28,48.6501,-72.4491,61.32,57,97,4.79
518,Kieta,PG,2022-09-25 19:10:29,-6.2167,155.6333,77.76,81,58,0.92
519,Gimli,CA,2022-09-25 19:10:29,50.6336,-96.9907,59.63,40,3,24.49
520,Bac Lieu,VN,2022-09-25 19:10:30,9.285,105.7244,79.29,82,100,3.49
521,Bilibino,RU,2022-09-25 19:10:30,68.0546,166.4372,22.41,86,89,3.56
522,Margate,GB,2022-09-25 19:10:30,51.3813,1.3862,54.7,64,77,1.99
523,Nuuk,GL,2022-09-25 19:10:31,64.1835,-51.7216,45.21,57,75,2.3
524,Muswellbrook,AU,2022-09-25 19:10:31,-32.2667,150.9,45.32,92,78,1.99
525,Ustrzyki Dolne,PL,2022-09-25 19:10:31,49.4304,22.5938,48.13,100,100,12.53
526,Merauke,ID,2022-09-25 19:10:32,-8.4667,140.3333,77.61,90,93,11.36
527,Sirsa,IN,2022-09-25 19:10:32,29.5333,75.0167,77.61,85,65,6.8
528,Qiqihar,CN,2022-09-25 19:10:32,47.3408,123.9672,45.64,42,0,8.39
529,San Policarpo,PH,2022-09-25 19:10:33,12.1791,125.5072,77.99,88,100,7.02
530,Kostolac,RS,2022-09-25 19:10:33,44.7149,21.1711,65.14,37,100,8.1
531,Benghazi,LY,2022-09-25 19:07:48,32.1167,20.0667,75.54,64,0,16.04
532,Dinghai,CN,2022-09-25 19:10:33,26.2847,119.7936,75.0,79,99,19.28
533,Odesskoye,RU,2022-09-25 19:10:34,54.2111,72.9651,47.57,76,100,16.55
534,Saint-Ambroise,CA,2022-09-25 19:10:34,48.5501,-71.3324,62.58,50,95,4.5
535,Kuzedeyevo,RU,2022-09-25 19:10:34,53.3308,87.2019,58.28,66,100,6.15
536,Deer Lake,CA,2022-09-25 19:05:43,49.1667,-57.4316,50.43,78,100,15.1
537,Juneau,US,2022-09-25 19:10:35,58.3019,-134.4197,54.21,97,100,9.22
538,Manvi,IN,2022-09-25 19:10:35,15.9833,77.05,81.43,59,96,1.66
539,Chekhov,RU,2022-09-25 19:10:36,55.1431,37.4711,45.86,96,100,4.32
540,Batticaloa,LK,2022-09-25 19:10:36,7.7102,81.6924,82.78,68,100,3.58
541,Nur,PL,2022-09-25 19:10:36,52.6683,22.3221,52.72,65,81,4.92
542,Omsukchan,RU,2022-09-25 19:10:37,62.5333,155.8,21.6,98,100,2.95
543,Gazanjyk,TM,2022-09-25 19:10:37,39.2446,55.5154,73.81,45,0,11.41
544,Ambilobe,MG,2022-09-25 19:10:37,-13.2,49.05,71.02,63,1,6.42
545,Broken Hill,AU,2022-09-25 19:10:37,-31.95,141.4333,64.33,49,99,7.38
546,Catuday,PH,2022-09-25 19:10:38,16.2923,119.8062,77.36,87,100,35.86
547,Dickinson,US,2022-09-25 19:10:38,29.4608,-95.0513,96.06,48,20,3.44
548,Metro,ID,2022-09-25 19:10:39,-5.1131,105.3067,74.73,92,86,5.17
549,Kropotkin,RU,2022-09-25 19:10:39,45.4375,40.5756,54.05,64,0,6.85
550,Guerrero Negro,MX,2022-09-25 19:10:39,27.9769,-114.0611,80.04,64,0,11.77
551,Huancavelica,PE,2022-09-25 19:10:40,-12.7667,-74.9833,53.04,32,95,9.04
552,Asilah,MA,2022-09-25 19:10:40,35.465,-6.0348,69.76,71,100,12.01
553,Kalyazin,RU,2022-09-25 19:11:40,57.2403,37.8433,43.29,95,97,4.41
554,Ostersund,SE,2022-09-25 19:11:40,63.1792,14.6357,48.65,100,20,13.8
555,Chachapoyas,PE,2022-09-25 19:11:41,-6.2317,-77.869,60.6,82,100,4.63
556,Baruun-Urt,MN,2022-09-25 19:11:41,46.6806,113.2792,40.15,61,67,4.27
557,Brownfield,US,2022-09-25 19:11:41,33.1812,-102.2744,86.4,32,21,15.7
558,Ewa Beach,US,2022-09-25 19:11:24,21.3156,-158.0072,82.4,69,0,5.75
559,Altamira,BR,2022-09-25 19:11:42,-3.2033,-52.2064,92.61,36,84,0.49
